Parque,Nombre
1,JARDINES DEL BUEN RETIRO
2,PARQUE DEL OESTE
3,QUINTA DE LOS MOLINOS
4,QUINTA DE LA FUENTE DEL BERRO
5,"JARDÍN ""EL CAPRICHO"" DE LA  ALAMEDA DE OSUNA"
6,JARDINES DE SABATINI
7,JARDINES DE LA PLAZA DE ORIENTE
8,DEHESA DE LA VILLA
9,PARQUE MADRID RIO
10,PARQUE LINEAL DEL MANZANARES
11,PARQUE JUAN PABLO II
12,PARQUE JUAN CARLOS I
13,ÁRBOLES DE AIRE
14,ZONAS VERDES DISTRITO C - LAS TABLAS
15,PARQUE FORESTAL DE VALDEBEBAS - FELIPE VI
16,PARQUE PRINCESA LEONOR
17,PARQUE DE LA CASA DE CAMPO
18,Área Forestal de Tres Cantos
19,CUÑA VERDE DE O´DONNELL Y FUENTE CARRANTONA
20,VIVERO ESTUFAS RETIRO
21,VIVERO DE LA CASA DE CAMPO
22,VIVERO DE MIGAS CALIENTES
23,LABORATORIO DE CULTIVO IN VITRO
24,"ROSALEDA DE MADRID ""RAMON ORTIZ"""
25,TALLERES ESTUFAS RETIRO
26,JARDINES DE LA PLAZA DE ESPAÑA
27,PARQUE DE LA GAVIA
28,PARQUE DE LA ATALAYUELA
29,QUINTA DE TORRE ARIAS
30,BOSQUE DE LOS ABRAZOS PERDIDOS
31,PARQUE LINEAL DE MANZANARES SUR
32,PARQUE DE LAS COMUNIDADES
